local_path,ghl_url
/img/about/book-es-520.jpg,https://assets.cdn.filesafe.space/l6RYVrc1fJqtDLAuhwL2/media/6a908d969a0fb7c669911621.jpg
/img/about/book-es-520.webp,https://assets.cdn.filesafe.space/l6RYVrc1fJqtDLAuhwL2/media/6a908d95722007d7fff63f19.webp
/img/about/book-es-780.jpg,https://assets.cdn.filesafe.space/l6RYVrc1fJqtDLAuhwL2/media/6a908d960dae81536304e804.jpg
/img/about/book-es-780.webp,https://assets.cdn.filesafe.space/l6RYVrc1fJqtDLAuhwL2/media/6a908d944fe741935418e469.webp
/img/about/interview-640.jpg,https://assets.cdn.filesafe.space/l6RYVrc1fJqtDLAuhwL2/media/6a908d94722007d7fff63ef0.jpg
/img/about/interview-640.webp,https://assets.cdn.filesafe.space/l6RYVrc1fJqtDLAuhwL2/media/6a908d969a0fb7c669911643.webp
/img/about/interview-960.jpg,https://assets.cdn.filesafe.space/l6RYVrc1fJqtDLAuhwL2/media/6a908d940dae81536304e7a2.jpg
/img/about/interview-960.webp,https://assets.cdn.filesafe.space/l6RYVrc1fJqtDLAuhwL2/media/6a908d94747464c6b39e77da.webp
/img/about/jc-interview-600.jpg,https://assets.cdn.filesafe.space/l6RYVrc1fJqtDLAuhwL2/media/6a908d959a0fb7c66991160d.jpg
/img/about/jc-office-1200.jpg,https://assets.cdn.filesafe.space/l6RYVrc1fJqtDLAuhwL2/media/6a908d95e20cab6372882fb3.jpg
/img/about/jc-office-600.jpg,https://assets.cdn.filesafe.space/l6RYVrc1fJqtDLAuhwL2/media/6a908d946572a4cf4c88705e.jpg
/img/about/jc-office-900.jpg,https://assets.cdn.filesafe.space/l6RYVrc1fJqtDLAuhwL2/media/6a908d960dae81536304e827.jpg
/img/about/jc-panel-1140.webp,https://assets.cdn.filesafe.space/l6RYVrc1fJqtDLAuhwL2/media/6a908d96e20cab6372882ff7.webp
/img/about/jc-panel-760.jpg,https://assets.cdn.filesafe.space/l6RYVrc1fJqtDLAuhwL2/media/6a908d96722007d7fff63f2e.jpg
/img/about/jc-panel-760.webp,https://assets.cdn.filesafe.space/l6RYVrc1fJqtDLAuhwL2/media/6a908d946572a4cf4c887041.webp
/img/about/signature-ink.png,https://assets.cdn.filesafe.space/l6RYVrc1fJqtDLAuhwL2/media/6a908d964fe741935418e4a9.png
/img/about/signature-ink@2x.png,https://assets.cdn.filesafe.space/l6RYVrc1fJqtDLAuhwL2/media/6a908d9560935b340b6f1290.png
/img/about/team-1100.jpg,https://assets.cdn.filesafe.space/l6RYVrc1fJqtDLAuhwL2/media/6a908d95722007d7fff63f10.jpg
/img/about/team-1100.webp,https://assets.cdn.filesafe.space/l6RYVrc1fJqtDLAuhwL2/media/6a908d969a0fb7c669911617.webp
/img/about/team-700.jpg,https://assets.cdn.filesafe.space/l6RYVrc1fJqtDLAuhwL2/media/6a908d95722007d7fff63f23.jpg
/img/about/team-700.webp,https://assets.cdn.filesafe.space/l6RYVrc1fJqtDLAuhwL2/media/6a908d95ef6b5f0786d7c5d7.webp
/img/avatars/p1.jpg,https://assets.cdn.filesafe.space/l6RYVrc1fJqtDLAuhwL2/media/6a908d8f60935b340b6f11be.jpg
/img/avatars/p1@2x.jpg,https://assets.cdn.filesafe.space/l6RYVrc1fJqtDLAuhwL2/media/6a908d8e60935b340b6f11b0.jpg
/img/avatars/p2.jpg,https://assets.cdn.filesafe.space/l6RYVrc1fJqtDLAuhwL2/media/6a908d8f0dae81536304e6c0.jpg
/img/avatars/p2@2x.jpg,https://assets.cdn.filesafe.space/l6RYVrc1fJqtDLAuhwL2/media/6a908d8f3b02a2a821c1a9c0.jpg
/img/avatars/p3.jpg,https://assets.cdn.filesafe.space/l6RYVrc1fJqtDLAuhwL2/media/6a908d8eef6b5f0786d7c51d.jpg
/img/avatars/p3@2x.jpg,https://assets.cdn.filesafe.space/l6RYVrc1fJqtDLAuhwL2/media/6a908d8e9a0fb7c6699114f0.jpg
/img/badges/abps.png,https://assets.cdn.filesafe.space/l6RYVrc1fJqtDLAuhwL2/media/6a908d8ee20cab6372882e7d.png
/img/badges/abps@2x.png,https://assets.cdn.filesafe.space/l6RYVrc1fJqtDLAuhwL2/media/6a908d8e722007d7fff63dcf.png
/img/badges/acs.png,https://assets.cdn.filesafe.space/l6RYVrc1fJqtDLAuhwL2/media/6a908d8def6b5f0786d7c504.png
/img/badges/acs@2x.png,https://assets.cdn.filesafe.space/l6RYVrc1fJqtDLAuhwL2/media/6a908d8d9a0fb7c6699114d5.png
/img/badges/asps.png,https://assets.cdn.filesafe.space/l6RYVrc1fJqtDLAuhwL2/media/6a908d8e60935b340b6f11a6.png
/img/badges/asps@2x.png,https://assets.cdn.filesafe.space/l6RYVrc1fJqtDLAuhwL2/media/6a908d8def6b5f0786d7c500.png
/img/band/consult-1200.jpg,https://assets.cdn.filesafe.space/l6RYVrc1fJqtDLAuhwL2/media/6a908dadef6b5f0786d7c9d7.jpg
/img/band/consult-1800.jpg,https://assets.cdn.filesafe.space/l6RYVrc1fJqtDLAuhwL2/media/6a908dad722007d7fff64304.jpg
/img/brand/logo-dark.png,https://assets.cdn.filesafe.space/l6RYVrc1fJqtDLAuhwL2/media/6a908dad4fe741935418e7e9.png
/img/brand/logo-light.png,https://assets.cdn.filesafe.space/l6RYVrc1fJqtDLAuhwL2/media/6a908dad3b02a2a821c1ae71.png
/img/cases/bbl-01-600.jpg,https://assets.cdn.filesafe.space/l6RYVrc1fJqtDLAuhwL2/media/6a908da03b02a2a821c1ac80.jpg
/img/cases/bbl-01-t.jpg,https://assets.cdn.filesafe.space/l6RYVrc1fJqtDLAuhwL2/media/6a908d9ce20cab6372883105.jpg
/img/cases/bbl-01.jpg,https://assets.cdn.filesafe.space/l6RYVrc1fJqtDLAuhwL2/media/6a908dab3b02a2a821c1ae2d.jpg
/img/cases/bbl-02-600.jpg,https://assets.cdn.filesafe.space/l6RYVrc1fJqtDLAuhwL2/media/6a908d9e747464c6b39e79ac.jpg
/img/cases/bbl-02-t.jpg,https://assets.cdn.filesafe.space/l6RYVrc1fJqtDLAuhwL2/media/6a908da23b02a2a821c1aca6.jpg
/img/cases/bbl-02.jpg,https://assets.cdn.filesafe.space/l6RYVrc1fJqtDLAuhwL2/media/6a908dac6572a4cf4c88746d.jpg
/img/cases/bbl-03-600.jpg,https://assets.cdn.filesafe.space/l6RYVrc1fJqtDLAuhwL2/media/6a908d99e20cab6372883081.jpg
/img/cases/bbl-03-t.jpg,https://assets.cdn.filesafe.space/l6RYVrc1fJqtDLAuhwL2/media/6a908d9be20cab63728830e8.jpg
/img/cases/bbl-03.jpg,https://assets.cdn.filesafe.space/l6RYVrc1fJqtDLAuhwL2/media/6a908dac0dae81536304ebde.jpg
/img/cases/bbl-04-600.jpg,https://assets.cdn.filesafe.space/l6RYVrc1fJqtDLAuhwL2/media/6a908da39a0fb7c6699118b2.jpg
/img/cases/bbl-04-t.jpg,https://assets.cdn.filesafe.space/l6RYVrc1fJqtDLAuhwL2/media/6a908d9f4fe741935418e5e1.jpg
/img/cases/bbl-04.jpg,https://assets.cdn.filesafe.space/l6RYVrc1fJqtDLAuhwL2/media/6a908da960935b340b6f1604.jpg
/img/cases/bbl-05-600.jpg,https://assets.cdn.filesafe.space/l6RYVrc1fJqtDLAuhwL2/media/6a908da43b02a2a821c1ad04.jpg
/img/cases/bbl-05-t.jpg,https://assets.cdn.filesafe.space/l6RYVrc1fJqtDLAuhwL2/media/6a908d993b02a2a821c1ab1e.jpg
/img/cases/bbl-05.jpg,https://assets.cdn.filesafe.space/l6RYVrc1fJqtDLAuhwL2/media/6a908da9722007d7fff6426e.jpg
/img/cases/bbl-06-600.jpg,https://assets.cdn.filesafe.space/l6RYVrc1fJqtDLAuhwL2/media/6a908dac722007d7fff642ce.jpg
/img/cases/bbl-06-t.jpg,https://assets.cdn.filesafe.space/l6RYVrc1fJqtDLAuhwL2/media/6a908d9e60935b340b6f13e7.jpg
/img/cases/bbl-06.jpg,https://assets.cdn.filesafe.space/l6RYVrc1fJqtDLAuhwL2/media/6a908da860935b340b6f15d4.jpg
/img/cases/bbl-07-600.jpg,https://assets.cdn.filesafe.space/l6RYVrc1fJqtDLAuhwL2/media/6a908da80dae81536304eb1e.jpg
/img/cases/bbl-07-t.jpg,https://assets.cdn.filesafe.space/l6RYVrc1fJqtDLAuhwL2/media/6a908d9a6572a4cf4c887101.jpg
/img/cases/bbl-07.jpg,https://assets.cdn.filesafe.space/l6RYVrc1fJqtDLAuhwL2/media/6a908da8ef6b5f0786d7c913.jpg
/img/cases/bbl-08-600.jpg,https://assets.cdn.filesafe.space/l6RYVrc1fJqtDLAuhwL2/media/6a908da26572a4cf4c887283.jpg
/img/cases/bbl-08-t.jpg,https://assets.cdn.filesafe.space/l6RYVrc1fJqtDLAuhwL2/media/6a908da5e20cab63728832ab.jpg
/img/cases/bbl-08.jpg,https://assets.cdn.filesafe.space/l6RYVrc1fJqtDLAuhwL2/media/6a908d9b747464c6b39e794c.jpg
/img/cases/bbl-09-600.jpg,https://assets.cdn.filesafe.space/l6RYVrc1fJqtDLAuhwL2/media/6a908d9e6572a4cf4c88721a.jpg
/img/cases/bbl-09-t.jpg,https://assets.cdn.filesafe.space/l6RYVrc1fJqtDLAuhwL2/media/6a908dab60935b340b6f164e.jpg
/img/cases/bbl-09.jpg,https://assets.cdn.filesafe.space/l6RYVrc1fJqtDLAuhwL2/media/6a908d9bef6b5f0786d7c705.jpg
/img/cases/breast-augmentation-01-600.jpg,https://assets.cdn.filesafe.space/l6RYVrc1fJqtDLAuhwL2/media/6a908daaef6b5f0786d7c955.jpg
/img/cases/breast-augmentation-01-t.jpg,https://assets.cdn.filesafe.space/l6RYVrc1fJqtDLAuhwL2/media/6a908da4e20cab6372883271.jpg
/img/cases/breast-augmentation-01.jpg,https://assets.cdn.filesafe.space/l6RYVrc1fJqtDLAuhwL2/media/6a908da6ef6b5f0786d7c8d8.jpg
/img/cases/breast-augmentation-02-600.jpg,https://assets.cdn.filesafe.space/l6RYVrc1fJqtDLAuhwL2/media/6a908da29a0fb7c66991187a.jpg
/img/cases/breast-augmentation-02-t.jpg,https://assets.cdn.filesafe.space/l6RYVrc1fJqtDLAuhwL2/media/6a908da9e20cab6372883325.jpg
/img/cases/breast-augmentation-02.jpg,https://assets.cdn.filesafe.space/l6RYVrc1fJqtDLAuhwL2/media/6a908da7747464c6b39e7b60.jpg
/img/cases/breast-augmentation-03-600.jpg,https://assets.cdn.filesafe.space/l6RYVrc1fJqtDLAuhwL2/media/6a908da73b02a2a821c1ad79.jpg
/img/cases/breast-augmentation-03-t.jpg,https://assets.cdn.filesafe.space/l6RYVrc1fJqtDLAuhwL2/media/6a908da2ef6b5f0786d7c817.jpg
/img/cases/breast-augmentation-03.jpg,https://assets.cdn.filesafe.space/l6RYVrc1fJqtDLAuhwL2/media/6a908da69a0fb7c669911976.jpg
/img/cases/breast-augmentation-04-600.jpg,https://assets.cdn.filesafe.space/l6RYVrc1fJqtDLAuhwL2/media/6a908d9b3b02a2a821c1aba3.jpg
/img/cases/breast-augmentation-04-t.jpg,https://assets.cdn.filesafe.space/l6RYVrc1fJqtDLAuhwL2/media/6a908dac747464c6b39e7c64.jpg
/img/cases/breast-augmentation-04.jpg,https://assets.cdn.filesafe.space/l6RYVrc1fJqtDLAuhwL2/media/6a908da46572a4cf4c8872e1.jpg
/img/cases/breast-augmentation-05-600.jpg,https://assets.cdn.filesafe.space/l6RYVrc1fJqtDLAuhwL2/media/6a908d9a0dae81536304e8b2.jpg
/img/cases/breast-augmentation-05-t.jpg,https://assets.cdn.filesafe.space/l6RYVrc1fJqtDLAuhwL2/media/6a908da56572a4cf4c8872f7.jpg
/img/cases/breast-augmentation-05.jpg,https://assets.cdn.filesafe.space/l6RYVrc1fJqtDLAuhwL2/media/6a908da44fe741935418e6a6.jpg
/img/cases/breast-augmentation-06-600.jpg,https://assets.cdn.filesafe.space/l6RYVrc1fJqtDLAuhwL2/media/6a908d9e9a0fb7c6699117da.jpg
/img/cases/breast-augmentation-06-t.jpg,https://assets.cdn.filesafe.space/l6RYVrc1fJqtDLAuhwL2/media/6a908dabef6b5f0786d7c97d.jpg
/img/cases/breast-augmentation-06.jpg,https://assets.cdn.filesafe.space/l6RYVrc1fJqtDLAuhwL2/media/6a908da29a0fb7c669911868.jpg
/img/cases/breast-augmentation-07-600.jpg,https://assets.cdn.filesafe.space/l6RYVrc1fJqtDLAuhwL2/media/6a908da1722007d7fff64126.jpg
/img/cases/breast-augmentation-07-t.jpg,https://assets.cdn.filesafe.space/l6RYVrc1fJqtDLAuhwL2/media/6a908da66572a4cf4c88731f.jpg
/img/cases/breast-augmentation-07.jpg,https://assets.cdn.filesafe.space/l6RYVrc1fJqtDLAuhwL2/media/6a908da2ef6b5f0786d7c854.jpg
/img/cases/breast-augmentation-08-600.jpg,https://assets.cdn.filesafe.space/l6RYVrc1fJqtDLAuhwL2/media/6a908da8ef6b5f0786d7c909.jpg
/img/cases/breast-augmentation-08-t.jpg,https://assets.cdn.filesafe.space/l6RYVrc1fJqtDLAuhwL2/media/6a908d993b02a2a821c1ab2c.jpg
/img/cases/breast-augmentation-08.jpg,https://assets.cdn.filesafe.space/l6RYVrc1fJqtDLAuhwL2/media/6a908da1747464c6b39e7a56.jpg
/img/cases/breast-augmentation-09-600.jpg,https://assets.cdn.filesafe.space/l6RYVrc1fJqtDLAuhwL2/media/6a908dad0dae81536304ebf0.jpg
/img/cases/breast-augmentation-09-t.jpg,https://assets.cdn.filesafe.space/l6RYVrc1fJqtDLAuhwL2/media/6a908d9f60935b340b6f1442.jpg
/img/cases/breast-augmentation-09.jpg,https://assets.cdn.filesafe.space/l6RYVrc1fJqtDLAuhwL2/media/6a908da03b02a2a821c1ac68.jpg
/img/cases/breast-augmentation-10-600.jpg,https://assets.cdn.filesafe.space/l6RYVrc1fJqtDLAuhwL2/media/6a908dac9a0fb7c669911a5e.jpg
/img/cases/breast-augmentation-10-t.jpg,https://assets.cdn.filesafe.space/l6RYVrc1fJqtDLAuhwL2/media/6a908d9e60935b340b6f1420.jpg
/img/cases/breast-augmentation-10.jpg,https://assets.cdn.filesafe.space/l6RYVrc1fJqtDLAuhwL2/media/6a908da44fe741935418e6b7.jpg
/img/cases/breast-augmentation-11-600.jpg,https://assets.cdn.filesafe.space/l6RYVrc1fJqtDLAuhwL2/media/6a908daa3b02a2a821c1ae19.jpg
/img/cases/breast-augmentation-11-t.jpg,https://assets.cdn.filesafe.space/l6RYVrc1fJqtDLAuhwL2/media/6a908d98ef6b5f0786d7c685.jpg
/img/cases/breast-augmentation-11.jpg,https://assets.cdn.filesafe.space/l6RYVrc1fJqtDLAuhwL2/media/6a908da4747464c6b39e7ae6.jpg
/img/cases/breast-augmentation-12-600.jpg,https://assets.cdn.filesafe.space/l6RYVrc1fJqtDLAuhwL2/media/6a908da3e20cab637288322b.jpg
/img/cases/breast-augmentation-12-t.jpg,https://assets.cdn.filesafe.space/l6RYVrc1fJqtDLAuhwL2/media/6a908d9e747464c6b39e79d6.jpg
/img/cases/breast-augmentation-12.jpg,https://assets.cdn.filesafe.space/l6RYVrc1fJqtDLAuhwL2/media/6a908da2747464c6b39e7aac.jpg
/img/cases/breast-augmentation-13-600.jpg,https://assets.cdn.filesafe.space/l6RYVrc1fJqtDLAuhwL2/media/6a908da66572a4cf4c887328.jpg
/img/cases/breast-augmentation-13-t.jpg,https://assets.cdn.filesafe.space/l6RYVrc1fJqtDLAuhwL2/media/6a908d9a4fe741935418e53d.jpg
/img/cases/breast-augmentation-13.jpg,https://assets.cdn.filesafe.space/l6RYVrc1fJqtDLAuhwL2/media/6a908da20dae81536304ea22.jpg
/img/cases/breast-augmentation-14-600.jpg,https://assets.cdn.filesafe.space/l6RYVrc1fJqtDLAuhwL2/media/6a908d9b9a0fb7c669911768.jpg
/img/cases/breast-augmentation-14-t.jpg,https://assets.cdn.filesafe.space/l6RYVrc1fJqtDLAuhwL2/media/6a908da00dae81536304e9c1.jpg
/img/cases/breast-augmentation-14.jpg,https://assets.cdn.filesafe.space/l6RYVrc1fJqtDLAuhwL2/media/6a908da59a0fb7c669911914.jpg
/img/cases/breast-augmentation-15-600.jpg,https://assets.cdn.filesafe.space/l6RYVrc1fJqtDLAuhwL2/media/6a908d9a60935b340b6f1354.jpg
/img/cases/breast-augmentation-15-t.jpg,https://assets.cdn.filesafe.space/l6RYVrc1fJqtDLAuhwL2/media/6a908d9de20cab6372883133.jpg
/img/cases/breast-augmentation-15.jpg,https://assets.cdn.filesafe.space/l6RYVrc1fJqtDLAuhwL2/media/6a908da54fe741935418e6e3.jpg
/img/cases/eyelid-surgery-01-600.jpg,https://assets.cdn.filesafe.space/l6RYVrc1fJqtDLAuhwL2/media/6a908d9c60935b340b6f13b8.jpg
/img/cases/eyelid-surgery-01-t.jpg,https://assets.cdn.filesafe.space/l6RYVrc1fJqtDLAuhwL2/media/6a908da69a0fb7c66991195c.jpg
/img/cases/eyelid-surgery-01.jpg,https://assets.cdn.filesafe.space/l6RYVrc1fJqtDLAuhwL2/media/6a908d9ee20cab637288315d.jpg
/img/cases/eyelid-surgery-02-600.jpg,https://assets.cdn.filesafe.space/l6RYVrc1fJqtDLAuhwL2/media/6a908d9f60935b340b6f1458.jpg
/img/cases/eyelid-surgery-02-t.jpg,https://assets.cdn.filesafe.space/l6RYVrc1fJqtDLAuhwL2/media/6a908daa0dae81536304eb70.jpg
/img/cases/eyelid-surgery-02.jpg,https://assets.cdn.filesafe.space/l6RYVrc1fJqtDLAuhwL2/media/6a908d9f0dae81536304e994.jpg
/img/cases/eyelid-surgery-03-600.jpg,https://assets.cdn.filesafe.space/l6RYVrc1fJqtDLAuhwL2/media/6a908d9ee20cab637288316b.jpg
/img/cases/eyelid-surgery-03-t.jpg,https://assets.cdn.filesafe.space/l6RYVrc1fJqtDLAuhwL2/media/6a908da6722007d7fff641f2.jpg
/img/cases/eyelid-surgery-03.jpg,https://assets.cdn.filesafe.space/l6RYVrc1fJqtDLAuhwL2/media/6a908d9f747464c6b39e79e4.jpg
/img/cases/eyelid-surgery-04-600.jpg,https://assets.cdn.filesafe.space/l6RYVrc1fJqtDLAuhwL2/media/6a908da89a0fb7c6699119b0.jpg
/img/cases/eyelid-surgery-04-t.jpg,https://assets.cdn.filesafe.space/l6RYVrc1fJqtDLAuhwL2/media/6a908da70dae81536304eb00.jpg
/img/cases/eyelid-surgery-04.jpg,https://assets.cdn.filesafe.space/l6RYVrc1fJqtDLAuhwL2/media/6a908da29a0fb7c66991185e.jpg
/img/cases/eyelid-surgery-05-600.jpg,https://assets.cdn.filesafe.space/l6RYVrc1fJqtDLAuhwL2/media/6a908dad3b02a2a821c1ae4f.jpg
/img/cases/eyelid-surgery-05-t.jpg,https://assets.cdn.filesafe.space/l6RYVrc1fJqtDLAuhwL2/media/6a908da3747464c6b39e7adc.jpg
/img/cases/eyelid-surgery-05.jpg,https://assets.cdn.filesafe.space/l6RYVrc1fJqtDLAuhwL2/media/6a908da1747464c6b39e7a80.jpg
/img/cases/eyelid-surgery-06-600.jpg,https://assets.cdn.filesafe.space/l6RYVrc1fJqtDLAuhwL2/media/6a908da5722007d7fff641bd.jpg
/img/cases/eyelid-surgery-06-t.jpg,https://assets.cdn.filesafe.space/l6RYVrc1fJqtDLAuhwL2/media/6a908daa3b02a2a821c1adef.jpg
/img/cases/eyelid-surgery-06.jpg,https://assets.cdn.filesafe.space/l6RYVrc1fJqtDLAuhwL2/media/6a908d9f722007d7fff640da.jpg
/img/cases/eyelid-surgery-07-600.jpg,https://assets.cdn.filesafe.space/l6RYVrc1fJqtDLAuhwL2/media/6a908da44fe741935418e6c9.jpg
/img/cases/eyelid-surgery-07-t.jpg,https://assets.cdn.filesafe.space/l6RYVrc1fJqtDLAuhwL2/media/6a908da33b02a2a821c1acce.jpg
/img/cases/eyelid-surgery-07.jpg,https://assets.cdn.filesafe.space/l6RYVrc1fJqtDLAuhwL2/media/6a908da16572a4cf4c887269.jpg
/img/cases/eyelid-surgery-08-600.jpg,https://assets.cdn.filesafe.space/l6RYVrc1fJqtDLAuhwL2/media/6a908d9b3b02a2a821c1ab88.jpg
/img/cases/eyelid-surgery-08-t.jpg,https://assets.cdn.filesafe.space/l6RYVrc1fJqtDLAuhwL2/media/6a908d9d3b02a2a821c1abea.jpg
/img/cases/eyelid-surgery-08.jpg,https://assets.cdn.filesafe.space/l6RYVrc1fJqtDLAuhwL2/media/6a908da3722007d7fff64164.jpg
/img/cases/eyelid-surgery-09-600.jpg,https://assets.cdn.filesafe.space/l6RYVrc1fJqtDLAuhwL2/media/6a908d9a722007d7fff63ff7.jpg
/img/cases/eyelid-surgery-09-t.jpg,https://assets.cdn.filesafe.space/l6RYVrc1fJqtDLAuhwL2/media/6a908da1747464c6b39e7a60.jpg
/img/cases/eyelid-surgery-09.jpg,https://assets.cdn.filesafe.space/l6RYVrc1fJqtDLAuhwL2/media/6a908da24fe741935418e64b.jpg
/img/cases/eyelid-surgery-10-600.jpg,https://assets.cdn.filesafe.space/l6RYVrc1fJqtDLAuhwL2/media/6a908d989a0fb7c669911681.jpg
/img/cases/eyelid-surgery-10-t.jpg,https://assets.cdn.filesafe.space/l6RYVrc1fJqtDLAuhwL2/media/6a908d9f747464c6b39e7a0e.jpg
/img/cases/eyelid-surgery-10.jpg,https://assets.cdn.filesafe.space/l6RYVrc1fJqtDLAuhwL2/media/6a908da1747464c6b39e7a96.jpg
/img/cases/facelift-01-600.jpg,https://assets.cdn.filesafe.space/l6RYVrc1fJqtDLAuhwL2/media/6a908da660935b340b6f1584.jpg
/img/cases/facelift-01-t.jpg,https://assets.cdn.filesafe.space/l6RYVrc1fJqtDLAuhwL2/media/6a908d99722007d7fff63fd2.jpg
/img/cases/facelift-01.jpg,https://assets.cdn.filesafe.space/l6RYVrc1fJqtDLAuhwL2/media/6a908d999a0fb7c669911693.jpg
/img/cases/facelift-02-600.jpg,https://assets.cdn.filesafe.space/l6RYVrc1fJqtDLAuhwL2/media/6a908dac722007d7fff642e0.jpg
/img/cases/facelift-02-t.jpg,https://assets.cdn.filesafe.space/l6RYVrc1fJqtDLAuhwL2/media/6a908d9e60935b340b6f13de.jpg
/img/cases/facelift-02.jpg,https://assets.cdn.filesafe.space/l6RYVrc1fJqtDLAuhwL2/media/6a908d9a6572a4cf4c887121.jpg
/img/cases/facelift-03-600.jpg,https://assets.cdn.filesafe.space/l6RYVrc1fJqtDLAuhwL2/media/6a908da83b02a2a821c1adb5.jpg
/img/cases/facelift-03-t.jpg,https://assets.cdn.filesafe.space/l6RYVrc1fJqtDLAuhwL2/media/6a908d9aef6b5f0786d7c6d1.jpg
/img/cases/facelift-03.jpg,https://assets.cdn.filesafe.space/l6RYVrc1fJqtDLAuhwL2/media/6a908d9a60935b340b6f1346.jpg
/img/cases/facelift-04-600.jpg,https://assets.cdn.filesafe.space/l6RYVrc1fJqtDLAuhwL2/media/6a908d9fe20cab637288317e.jpg
/img/cases/facelift-04-t.jpg,https://assets.cdn.filesafe.space/l6RYVrc1fJqtDLAuhwL2/media/6a908da03b02a2a821c1ac71.jpg
/img/cases/facelift-04.jpg,https://assets.cdn.filesafe.space/l6RYVrc1fJqtDLAuhwL2/media/6a908d9d3b02a2a821c1ac04.jpg
/img/cases/facelift-05-600.jpg,https://assets.cdn.filesafe.space/l6RYVrc1fJqtDLAuhwL2/media/6a908da0722007d7fff640ed.jpg
/img/cases/facelift-05-t.jpg,https://assets.cdn.filesafe.space/l6RYVrc1fJqtDLAuhwL2/media/6a908d9c60935b340b6f13a2.jpg
/img/cases/facelift-05.jpg,https://assets.cdn.filesafe.space/l6RYVrc1fJqtDLAuhwL2/media/6a908d9d9a0fb7c6699117b2.jpg
/img/cases/facelift-06-600.jpg,https://assets.cdn.filesafe.space/l6RYVrc1fJqtDLAuhwL2/media/6a908d9c0dae81536304e903.jpg
/img/cases/facelift-06-t.jpg,https://assets.cdn.filesafe.space/l6RYVrc1fJqtDLAuhwL2/media/6a908da10dae81536304e9ec.jpg
/img/cases/facelift-06.jpg,https://assets.cdn.filesafe.space/l6RYVrc1fJqtDLAuhwL2/media/6a908d9b747464c6b39e7942.jpg
/img/cases/hd-liposuction-01-600.jpg,https://assets.cdn.filesafe.space/l6RYVrc1fJqtDLAuhwL2/media/6a908d9f9a0fb7c669911817.jpg
/img/cases/hd-liposuction-01-t.jpg,https://assets.cdn.filesafe.space/l6RYVrc1fJqtDLAuhwL2/media/6a908da36572a4cf4c8872c1.jpg
/img/cases/hd-liposuction-01.jpg,https://assets.cdn.filesafe.space/l6RYVrc1fJqtDLAuhwL2/media/6a908dab9a0fb7c669911a40.jpg
/img/cases/hd-liposuction-02-600.jpg,https://assets.cdn.filesafe.space/l6RYVrc1fJqtDLAuhwL2/media/6a908d983b02a2a821c1ab04.jpg
/img/cases/hd-liposuction-02-t.jpg,https://assets.cdn.filesafe.space/l6RYVrc1fJqtDLAuhwL2/media/6a908da89a0fb7c669911996.jpg
/img/cases/hd-liposuction-02.jpg,https://assets.cdn.filesafe.space/l6RYVrc1fJqtDLAuhwL2/media/6a908dad6572a4cf4c88747f.jpg
/img/cases/hd-liposuction-03-600.jpg,https://assets.cdn.filesafe.space/l6RYVrc1fJqtDLAuhwL2/media/6a908d9d747464c6b39e7992.jpg
/img/cases/hd-liposuction-03-t.jpg,https://assets.cdn.filesafe.space/l6RYVrc1fJqtDLAuhwL2/media/6a908da4ef6b5f0786d7c895.jpg
/img/cases/hd-liposuction-03.jpg,https://assets.cdn.filesafe.space/l6RYVrc1fJqtDLAuhwL2/media/6a908dab6572a4cf4c88742d.jpg
/img/cases/hd-liposuction-04-600.jpg,https://assets.cdn.filesafe.space/l6RYVrc1fJqtDLAuhwL2/media/6a908da5722007d7fff641a6.jpg
/img/cases/hd-liposuction-04-t.jpg,https://assets.cdn.filesafe.space/l6RYVrc1fJqtDLAuhwL2/media/6a908daa0dae81536304eb7e.jpg
/img/cases/hd-liposuction-04.jpg,https://assets.cdn.filesafe.space/l6RYVrc1fJqtDLAuhwL2/media/6a908daa722007d7fff6427c.jpg
/img/cases/hd-liposuction-05-600.jpg,https://assets.cdn.filesafe.space/l6RYVrc1fJqtDLAuhwL2/media/6a908da40dae81536304ea9a.jpg
/img/cases/hd-liposuction-05-t.jpg,https://assets.cdn.filesafe.space/l6RYVrc1fJqtDLAuhwL2/media/6a908da66572a4cf4c887315.jpg
/img/cases/hd-liposuction-05.jpg,https://assets.cdn.filesafe.space/l6RYVrc1fJqtDLAuhwL2/media/6a908da93b02a2a821c1adc7.jpg
/img/cases/hd-liposuction-06-600.jpg,https://assets.cdn.filesafe.space/l6RYVrc1fJqtDLAuhwL2/media/6a908da79a0fb7c66991198c.jpg
/img/cases/hd-liposuction-06-t.jpg,https://assets.cdn.filesafe.space/l6RYVrc1fJqtDLAuhwL2/media/6a908dadef6b5f0786d7c9c9.jpg
/img/cases/hd-liposuction-06.jpg,https://assets.cdn.filesafe.space/l6RYVrc1fJqtDLAuhwL2/media/6a908da760935b340b6f15b2.jpg
/img/cases/rhinoplasty-01-600.jpg,https://assets.cdn.filesafe.space/l6RYVrc1fJqtDLAuhwL2/media/6a908da1ef6b5f0786d7c7ff.jpg
/img/cases/rhinoplasty-01-t.jpg,https://assets.cdn.filesafe.space/l6RYVrc1fJqtDLAuhwL2/media/6a908da9722007d7fff64260.jpg
/img/cases/rhinoplasty-01.jpg,https://assets.cdn.filesafe.space/l6RYVrc1fJqtDLAuhwL2/media/6a908d9cef6b5f0786d7c71b.jpg
/img/cases/rhinoplasty-02-600.jpg,https://assets.cdn.filesafe.space/l6RYVrc1fJqtDLAuhwL2/media/6a908d9b4fe741935418e559.jpg
/img/cases/rhinoplasty-02-t.jpg,https://assets.cdn.filesafe.space/l6RYVrc1fJqtDLAuhwL2/media/6a908da46572a4cf4c8872d7.jpg
/img/cases/rhinoplasty-02.jpg,https://assets.cdn.filesafe.space/l6RYVrc1fJqtDLAuhwL2/media/6a908d9de20cab6372883129.jpg
/img/cases/rhinoplasty-03-600.jpg,https://assets.cdn.filesafe.space/l6RYVrc1fJqtDLAuhwL2/media/6a908d9a0dae81536304e8a0.jpg
/img/cases/rhinoplasty-03-t.jpg,https://assets.cdn.filesafe.space/l6RYVrc1fJqtDLAuhwL2/media/6a908da96572a4cf4c88739b.jpg
/img/cases/rhinoplasty-03.jpg,https://assets.cdn.filesafe.space/l6RYVrc1fJqtDLAuhwL2/media/6a908d9c747464c6b39e7988.jpg
/img/cases/rhinoplasty-04-600.jpg,https://assets.cdn.filesafe.space/l6RYVrc1fJqtDLAuhwL2/media/6a908da360935b340b6f14e2.jpg
/img/cases/rhinoplasty-04-t.jpg,https://assets.cdn.filesafe.space/l6RYVrc1fJqtDLAuhwL2/media/6a908da76572a4cf4c88734f.jpg
/img/cases/rhinoplasty-04.jpg,https://assets.cdn.filesafe.space/l6RYVrc1fJqtDLAuhwL2/media/6a908d9b3b02a2a821c1ab7a.jpg
/img/cases/rhinoplasty-05-600.jpg,https://assets.cdn.filesafe.space/l6RYVrc1fJqtDLAuhwL2/media/6a908da73b02a2a821c1ad93.jpg
/img/cases/rhinoplasty-05-t.jpg,https://assets.cdn.filesafe.space/l6RYVrc1fJqtDLAuhwL2/media/6a908dab3b02a2a821c1ae23.jpg
/img/cases/rhinoplasty-05.jpg,https://assets.cdn.filesafe.space/l6RYVrc1fJqtDLAuhwL2/media/6a908d9aef6b5f0786d7c6c7.jpg
/img/cases/rhinoplasty-06-600.jpg,https://assets.cdn.filesafe.space/l6RYVrc1fJqtDLAuhwL2/media/6a908dab0dae81536304eb94.jpg
/img/cases/rhinoplasty-06-t.jpg,https://assets.cdn.filesafe.space/l6RYVrc1fJqtDLAuhwL2/media/6a908da53b02a2a821c1ad0e.jpg
/img/cases/rhinoplasty-06.jpg,https://assets.cdn.filesafe.space/l6RYVrc1fJqtDLAuhwL2/media/6a908d983b02a2a821c1aaf2.jpg
/img/cases/rhinoplasty-07-600.jpg,https://assets.cdn.filesafe.space/l6RYVrc1fJqtDLAuhwL2/media/6a908da99a0fb7c6699119ec.jpg
/img/cases/rhinoplasty-07-t.jpg,https://assets.cdn.filesafe.space/l6RYVrc1fJqtDLAuhwL2/media/6a908dac60935b340b6f1675.jpg
/img/cases/rhinoplasty-07.jpg,https://assets.cdn.filesafe.space/l6RYVrc1fJqtDLAuhwL2/media/6a908d996572a4cf4c8870eb.jpg
/img/cases/tummy-tuck-01-600.jpg,https://assets.cdn.filesafe.space/l6RYVrc1fJqtDLAuhwL2/media/6a908da0e20cab63728831bd.jpg
/img/cases/tummy-tuck-01-t.jpg,https://assets.cdn.filesafe.space/l6RYVrc1fJqtDLAuhwL2/media/6a908da50dae81536304eac0.jpg
/img/cases/tummy-tuck-01.jpg,https://assets.cdn.filesafe.space/l6RYVrc1fJqtDLAuhwL2/media/6a908dab60935b340b6f1638.jpg
/img/cases/tummy-tuck-02-600.jpg,https://assets.cdn.filesafe.space/l6RYVrc1fJqtDLAuhwL2/media/6a908d9d6572a4cf4c8871d3.jpg
/img/cases/tummy-tuck-02-t.jpg,https://assets.cdn.filesafe.space/l6RYVrc1fJqtDLAuhwL2/media/6a908daa9a0fb7c669911a14.jpg
/img/cases/tummy-tuck-02.jpg,https://assets.cdn.filesafe.space/l6RYVrc1fJqtDLAuhwL2/media/6a908dac6572a4cf4c887447.jpg
/img/cases/tummy-tuck-03-600.jpg,https://assets.cdn.filesafe.space/l6RYVrc1fJqtDLAuhwL2/media/6a908d99ef6b5f0786d7c6b1.jpg
/img/cases/tummy-tuck-03-t.jpg,https://assets.cdn.filesafe.space/l6RYVrc1fJqtDLAuhwL2/media/6a908da6ef6b5f0786d7c8eb.jpg
/img/cases/tummy-tuck-03.jpg,https://assets.cdn.filesafe.space/l6RYVrc1fJqtDLAuhwL2/media/6a908dad722007d7fff642f2.jpg
/img/cases/tummy-tuck-04-600.jpg,https://assets.cdn.filesafe.space/l6RYVrc1fJqtDLAuhwL2/media/6a908da360935b340b6f14f4.jpg
/img/cases/tummy-tuck-04-t.jpg,https://assets.cdn.filesafe.space/l6RYVrc1fJqtDLAuhwL2/media/6a908da74fe741935418e735.jpg
/img/cases/tummy-tuck-04.jpg,https://assets.cdn.filesafe.space/l6RYVrc1fJqtDLAuhwL2/media/6a908da9722007d7fff64256.jpg
/img/cases/tummy-tuck-05-600.jpg,https://assets.cdn.filesafe.space/l6RYVrc1fJqtDLAuhwL2/media/6a908da53b02a2a821c1ad41.jpg
/img/cases/tummy-tuck-05-t.jpg,https://assets.cdn.filesafe.space/l6RYVrc1fJqtDLAuhwL2/media/6a908da30dae81536304ea5b.jpg
/img/cases/tummy-tuck-05.jpg,https://assets.cdn.filesafe.space/l6RYVrc1fJqtDLAuhwL2/media/6a908daa6572a4cf4c8873c7.jpg
/img/cases/tummy-tuck-06-600.jpg,https://assets.cdn.filesafe.space/l6RYVrc1fJqtDLAuhwL2/media/6a908dac0dae81536304ebc4.jpg
/img/cases/tummy-tuck-06-t.jpg,https://assets.cdn.filesafe.space/l6RYVrc1fJqtDLAuhwL2/media/6a908da9747464c6b39e7bde.jpg
/img/cases/tummy-tuck-06.jpg,https://assets.cdn.filesafe.space/l6RYVrc1fJqtDLAuhwL2/media/6a908da8747464c6b39e7ba6.jpg
/img/cases/tummy-tuck-07-600.jpg,https://assets.cdn.filesafe.space/l6RYVrc1fJqtDLAuhwL2/media/6a908da8747464c6b39e7b88.jpg
/img/cases/tummy-tuck-07-t.jpg,https://assets.cdn.filesafe.space/l6RYVrc1fJqtDLAuhwL2/media/6a908da33b02a2a821c1acc4.jpg
/img/cases/tummy-tuck-07.jpg,https://assets.cdn.filesafe.space/l6RYVrc1fJqtDLAuhwL2/media/6a908da7722007d7fff64218.jpg
/img/cases/tummy-tuck-08-600.jpg,https://assets.cdn.filesafe.space/l6RYVrc1fJqtDLAuhwL2/media/6a908da1e20cab6372883205.jpg
/img/cases/tummy-tuck-08-t.jpg,https://assets.cdn.filesafe.space/l6RYVrc1fJqtDLAuhwL2/media/6a908d9de20cab637288311f.jpg
/img/cases/tummy-tuck-08.jpg,https://assets.cdn.filesafe.space/l6RYVrc1fJqtDLAuhwL2/media/6a908d9b6572a4cf4c88714f.jpg
/img/cases/tummy-tuck-09-600.jpg,https://assets.cdn.filesafe.space/l6RYVrc1fJqtDLAuhwL2/media/6a908d9e60935b340b6f1416.jpg
/img/cases/tummy-tuck-09-t.jpg,https://assets.cdn.filesafe.space/l6RYVrc1fJqtDLAuhwL2/media/6a908da1747464c6b39e7a6d.jpg
/img/cases/tummy-tuck-09.jpg,https://assets.cdn.filesafe.space/l6RYVrc1fJqtDLAuhwL2/media/6a908d9c747464c6b39e796a.jpg
/img/cases/tummy-tuck-10-600.jpg,https://assets.cdn.filesafe.space/l6RYVrc1fJqtDLAuhwL2/media/6a908d9f4fe741935418e5ef.jpg
/img/cases/tummy-tuck-10-t.jpg,https://assets.cdn.filesafe.space/l6RYVrc1fJqtDLAuhwL2/media/6a908da0e20cab63728831af.jpg
/img/cases/tummy-tuck-10.jpg,https://assets.cdn.filesafe.space/l6RYVrc1fJqtDLAuhwL2/media/6a908da99a0fb7c6699119da.jpg
/img/cases/tummy-tuck-11-600.jpg,https://assets.cdn.filesafe.space/l6RYVrc1fJqtDLAuhwL2/media/6a908da09a0fb7c66991183c.jpg
/img/cases/tummy-tuck-11-t.jpg,https://assets.cdn.filesafe.space/l6RYVrc1fJqtDLAuhwL2/media/6a908d9c3b02a2a821c1abd0.jpg
/img/cases/tummy-tuck-11.jpg,https://assets.cdn.filesafe.space/l6RYVrc1fJqtDLAuhwL2/media/6a908daa3b02a2a821c1adfd.jpg
/img/hero-poster-m.jpg,https://assets.cdn.filesafe.space/l6RYVrc1fJqtDLAuhwL2/media/6a908d8d6572a4cf4c886ef3.jpg
/img/hero-poster.jpg,https://assets.cdn.filesafe.space/l6RYVrc1fJqtDLAuhwL2/media/6a908d8d0dae81536304e66e.jpg
/img/ig/avatar.jpg,https://assets.cdn.filesafe.space/l6RYVrc1fJqtDLAuhwL2/media/6a908dae0dae81536304ec16.jpg
/img/ig/avatar.webp,https://assets.cdn.filesafe.space/l6RYVrc1fJqtDLAuhwL2/media/6a908dad60935b340b6f16a2.webp
/img/prep/band-1200.jpg,https://assets.cdn.filesafe.space/l6RYVrc1fJqtDLAuhwL2/media/6a908daee20cab6372883403.jpg
/img/prep/band-1200.webp,https://assets.cdn.filesafe.space/l6RYVrc1fJqtDLAuhwL2/media/6a908dae747464c6b39e7cc2.webp
/img/prep/band-2000.webp,https://assets.cdn.filesafe.space/l6RYVrc1fJqtDLAuhwL2/media/6a908dae3b02a2a821c1aeaf.webp
/img/prep/marking-1400.webp,https://assets.cdn.filesafe.space/l6RYVrc1fJqtDLAuhwL2/media/6a908dae0dae81536304ec24.webp
/img/prep/marking-900.jpg,https://assets.cdn.filesafe.space/l6RYVrc1fJqtDLAuhwL2/media/6a908dae9a0fb7c669911a9c.jpg
/img/prep/marking-900.webp,https://assets.cdn.filesafe.space/l6RYVrc1fJqtDLAuhwL2/media/6a908dae60935b340b6f16d6.webp
/img/prep/preop-1400.webp,https://assets.cdn.filesafe.space/l6RYVrc1fJqtDLAuhwL2/media/6a908daee20cab63728833dd.webp
/img/prep/preop-900.jpg,https://assets.cdn.filesafe.space/l6RYVrc1fJqtDLAuhwL2/media/6a908dae9a0fb7c669911aa6.jpg
/img/prep/preop-900.webp,https://assets.cdn.filesafe.space/l6RYVrc1fJqtDLAuhwL2/media/6a908dae3b02a2a821c1ae8b.webp
/img/procedures/bbl-1200.jpg,https://assets.cdn.filesafe.space/l6RYVrc1fJqtDLAuhwL2/media/6a908db04fe741935418e833.jpg
/img/procedures/bbl-600.jpg,https://assets.cdn.filesafe.space/l6RYVrc1fJqtDLAuhwL2/media/6a908db04fe741935418e853.jpg
/img/procedures/bbl-900.jpg,https://assets.cdn.filesafe.space/l6RYVrc1fJqtDLAuhwL2/media/6a908daf747464c6b39e7ce6.jpg
/img/procedures/breast-augmentation-1200.jpg,https://assets.cdn.filesafe.space/l6RYVrc1fJqtDLAuhwL2/media/6a908db24fe741935418e893.jpg
/img/procedures/breast-augmentation-600.jpg,https://assets.cdn.filesafe.space/l6RYVrc1fJqtDLAuhwL2/media/6a908db13b02a2a821c1af16.jpg
/img/procedures/breast-augmentation-900.jpg,https://assets.cdn.filesafe.space/l6RYVrc1fJqtDLAuhwL2/media/6a908daf747464c6b39e7cf0.jpg
/img/procedures/breast-lift-1200.jpg,https://assets.cdn.filesafe.space/l6RYVrc1fJqtDLAuhwL2/media/6a908db19a0fb7c669911b28.jpg
/img/procedures/breast-lift-600.jpg,https://assets.cdn.filesafe.space/l6RYVrc1fJqtDLAuhwL2/media/6a908db00dae81536304ec9c.jpg
/img/procedures/breast-lift-900.jpg,https://assets.cdn.filesafe.space/l6RYVrc1fJqtDLAuhwL2/media/6a908daf747464c6b39e7cd4.jpg
/img/procedures/breast-lift-aug-1200.jpg,https://assets.cdn.filesafe.space/l6RYVrc1fJqtDLAuhwL2/media/6a908db160935b340b6f1756.jpg
/img/procedures/breast-lift-aug-600.jpg,https://assets.cdn.filesafe.space/l6RYVrc1fJqtDLAuhwL2/media/6a908db0747464c6b39e7d13.jpg
/img/procedures/breast-lift-aug-900.jpg,https://assets.cdn.filesafe.space/l6RYVrc1fJqtDLAuhwL2/media/6a908db16572a4cf4c88751a.jpg
/img/procedures/eyelid-surgery-1200.jpg,https://assets.cdn.filesafe.space/l6RYVrc1fJqtDLAuhwL2/media/6a908db1e20cab6372883471.jpg
/img/procedures/eyelid-surgery-600.jpg,https://assets.cdn.filesafe.space/l6RYVrc1fJqtDLAuhwL2/media/6a908db160935b340b6f1732.jpg
/img/procedures/eyelid-surgery-900.jpg,https://assets.cdn.filesafe.space/l6RYVrc1fJqtDLAuhwL2/media/6a908daf3b02a2a821c1aec5.jpg
/img/procedures/facelift-1200.jpg,https://assets.cdn.filesafe.space/l6RYVrc1fJqtDLAuhwL2/media/6a908db0ef6b5f0786d7ca37.jpg
/img/procedures/facelift-600.jpg,https://assets.cdn.filesafe.space/l6RYVrc1fJqtDLAuhwL2/media/6a908daf4fe741935418e80f.jpg
/img/procedures/facelift-900.jpg,https://assets.cdn.filesafe.space/l6RYVrc1fJqtDLAuhwL2/media/6a908db1e20cab6372883453.jpg
/img/procedures/hd-liposuction-1200.jpg,https://assets.cdn.filesafe.space/l6RYVrc1fJqtDLAuhwL2/media/6a908db24fe741935418e87c.jpg
/img/procedures/hd-liposuction-600.jpg,https://assets.cdn.filesafe.space/l6RYVrc1fJqtDLAuhwL2/media/6a908db00dae81536304ec68.jpg
/img/procedures/hd-liposuction-900.jpg,https://assets.cdn.filesafe.space/l6RYVrc1fJqtDLAuhwL2/media/6a908db160935b340b6f1748.jpg
/img/procedures/rhinoplasty-1200.jpg,https://assets.cdn.filesafe.space/l6RYVrc1fJqtDLAuhwL2/media/6a908db0722007d7fff64348.jpg
/img/procedures/rhinoplasty-600.jpg,https://assets.cdn.filesafe.space/l6RYVrc1fJqtDLAuhwL2/media/6a908dafef6b5f0786d7ca2d.jpg
/img/procedures/rhinoplasty-900.jpg,https://assets.cdn.filesafe.space/l6RYVrc1fJqtDLAuhwL2/media/6a908db03b02a2a821c1aee7.jpg
/img/procedures/scarless-eyelid-1200.jpg,https://assets.cdn.filesafe.space/l6RYVrc1fJqtDLAuhwL2/media/6a921675478fdaf1c7e2fd0d.jpg
/img/procedures/scarless-eyelid-600.jpg,https://assets.cdn.filesafe.space/l6RYVrc1fJqtDLAuhwL2/media/6a92167568e0c51c0cb3e77b.jpg
/img/procedures/scarless-eyelid-900.jpg,https://assets.cdn.filesafe.space/l6RYVrc1fJqtDLAuhwL2/media/6a921675626105f955aa2a49.jpg
/img/procedures/skinny-bbl-1200.jpg,https://assets.cdn.filesafe.space/l6RYVrc1fJqtDLAuhwL2/media/6a908db060935b340b6f1702.jpg
/img/procedures/skinny-bbl-600.jpg,https://assets.cdn.filesafe.space/l6RYVrc1fJqtDLAuhwL2/media/6a908db26572a4cf4c88753d.jpg
/img/procedures/skinny-bbl-900.jpg,https://assets.cdn.filesafe.space/l6RYVrc1fJqtDLAuhwL2/media/6a908daf9a0fb7c669911ad2.jpg
/img/procedures/tummy-tuck-1200.jpg,https://assets.cdn.filesafe.space/l6RYVrc1fJqtDLAuhwL2/media/6a908db19a0fb7c669911b0e.jpg
/img/procedures/tummy-tuck-600.jpg,https://assets.cdn.filesafe.space/l6RYVrc1fJqtDLAuhwL2/media/6a908daf9a0fb7c669911abc.jpg
/img/procedures/tummy-tuck-900.jpg,https://assets.cdn.filesafe.space/l6RYVrc1fJqtDLAuhwL2/media/6a908db06572a4cf4c8874ed.jpg
/img/reels/bbl-breast-lift.jpg,https://assets.cdn.filesafe.space/l6RYVrc1fJqtDLAuhwL2/media/6a908d946572a4cf4c887029.jpg
/img/reels/bbl-lipo-360.jpg,https://assets.cdn.filesafe.space/l6RYVrc1fJqtDLAuhwL2/media/6a908d93747464c6b39e779f.jpg
/img/reels/breast-aug-natural.jpg,https://assets.cdn.filesafe.space/l6RYVrc1fJqtDLAuhwL2/media/6a908d93747464c6b39e7788.jpg
/img/reels/breast-augmentation.jpg,https://assets.cdn.filesafe.space/l6RYVrc1fJqtDLAuhwL2/media/6a908d94e20cab6372882f7f.jpg
/img/reels/lipo-breast-aug.jpg,https://assets.cdn.filesafe.space/l6RYVrc1fJqtDLAuhwL2/media/6a908d939a0fb7c6699115b1.jpg
/img/reels/skinny-bbl.jpg,https://assets.cdn.filesafe.space/l6RYVrc1fJqtDLAuhwL2/media/6a908d944fe741935418e447.jpg
/img/reels/tummy-tuck-bbl.jpg,https://assets.cdn.filesafe.space/l6RYVrc1fJqtDLAuhwL2/media/6a908d946572a4cf4c887020.jpg
/img/talks/KdwyQ45RMc0.jpg,https://assets.cdn.filesafe.space/l6RYVrc1fJqtDLAuhwL2/media/6a908d9860935b340b6f130c.jpg
/img/talks/NU7_bN1_K1g.jpg,https://assets.cdn.filesafe.space/l6RYVrc1fJqtDLAuhwL2/media/6a908d97e20cab6372883059.jpg
/img/talks/OnmNtCUuglI.jpg,https://assets.cdn.filesafe.space/l6RYVrc1fJqtDLAuhwL2/media/6a908d9760935b340b6f12d8.jpg
/img/talks/U4MFTb2al-U.jpg,https://assets.cdn.filesafe.space/l6RYVrc1fJqtDLAuhwL2/media/6a908d980dae81536304e876.jpg
/img/talks/Ykg14uawacg.jpg,https://assets.cdn.filesafe.space/l6RYVrc1fJqtDLAuhwL2/media/6a908d97e20cab6372883047.jpg
/img/talks/bSgBZxXB9Y0.jpg,https://assets.cdn.filesafe.space/l6RYVrc1fJqtDLAuhwL2/media/6a908d96722007d7fff63f6e.jpg
/img/talks/eAwmSwrYHkQ.jpg,https://assets.cdn.filesafe.space/l6RYVrc1fJqtDLAuhwL2/media/6a908d973b02a2a821c1aadd.jpg
/img/talks/eE3qzFCcw2A.jpg,https://assets.cdn.filesafe.space/l6RYVrc1fJqtDLAuhwL2/media/6a908d98ef6b5f0786d7c66f.jpg
/img/talks/fZx_V94QQU0.jpg,https://assets.cdn.filesafe.space/l6RYVrc1fJqtDLAuhwL2/media/6a908d976572a4cf4c88709f.jpg
/img/talks/j9ljkeXKmmw.jpg,https://assets.cdn.filesafe.space/l6RYVrc1fJqtDLAuhwL2/media/6a908d970dae81536304e842.jpg
/img/talks/k2Tk83CuNkU.jpg,https://assets.cdn.filesafe.space/l6RYVrc1fJqtDLAuhwL2/media/6a908d9760935b340b6f12ea.jpg
/img/talks/lm9vgSmG7NI.jpg,https://assets.cdn.filesafe.space/l6RYVrc1fJqtDLAuhwL2/media/6a908d97747464c6b39e7855.jpg
/img/talks/m8iwpolYRY4.jpg,https://assets.cdn.filesafe.space/l6RYVrc1fJqtDLAuhwL2/media/6a908d984fe741935418e4f1.jpg
/img/talks/mYXspQhkLd8.jpg,https://assets.cdn.filesafe.space/l6RYVrc1fJqtDLAuhwL2/media/6a908d98747464c6b39e7866.jpg
/img/talks/qJihhkLRtpQ.jpg,https://assets.cdn.filesafe.space/l6RYVrc1fJqtDLAuhwL2/media/6a908d96722007d7fff63f64.jpg
/img/talks/xJgHsWVNekI.jpg,https://assets.cdn.filesafe.space/l6RYVrc1fJqtDLAuhwL2/media/6a908d98747464c6b39e7870.jpg
/img/talks/zIB6qX549Vg.jpg,https://assets.cdn.filesafe.space/l6RYVrc1fJqtDLAuhwL2/media/6a908d973b02a2a821c1aabd.jpg
/img/yt/-XebBh-Z4wo.jpg,https://assets.cdn.filesafe.space/l6RYVrc1fJqtDLAuhwL2/media/6a908d934fe741935418e431.jpg
/img/yt/0MOq23r7_oQ.jpg,https://assets.cdn.filesafe.space/l6RYVrc1fJqtDLAuhwL2/media/6a908d923b02a2a821c1aa42.jpg
/img/yt/3zFoo2cTBN0.jpg,https://assets.cdn.filesafe.space/l6RYVrc1fJqtDLAuhwL2/media/6a908d8fe20cab6372882e9b.jpg
/img/yt/8iLM2yveVR4.jpg,https://assets.cdn.filesafe.space/l6RYVrc1fJqtDLAuhwL2/media/6a908d90722007d7fff63e2e.jpg
/img/yt/B7umYNmIzlg.jpg,https://assets.cdn.filesafe.space/l6RYVrc1fJqtDLAuhwL2/media/6a908d8f0dae81536304e6d6.jpg
/img/yt/E3raulHCa9s.jpg,https://assets.cdn.filesafe.space/l6RYVrc1fJqtDLAuhwL2/media/6a908d8f9a0fb7c669911540.jpg
/img/yt/GDNZXeU56Ms.jpg,https://assets.cdn.filesafe.space/l6RYVrc1fJqtDLAuhwL2/media/6a908d909a0fb7c669911552.jpg
/img/yt/GZj9pxkDJgA.jpg,https://assets.cdn.filesafe.space/l6RYVrc1fJqtDLAuhwL2/media/6a908d93722007d7fff63e84.jpg
/img/yt/KdwyQ45RMc0-yt.jpg,https://assets.cdn.filesafe.space/l6RYVrc1fJqtDLAuhwL2/media/6a908d93747464c6b39e777d.jpg
/img/yt/Lwj1fgJ6jHU.jpg,https://assets.cdn.filesafe.space/l6RYVrc1fJqtDLAuhwL2/media/6a908d8f9a0fb7c66991151a.jpg
/img/yt/OpcC2YvMHhM.jpg,https://assets.cdn.filesafe.space/l6RYVrc1fJqtDLAuhwL2/media/6a908d9160935b340b6f11f6.jpg
/img/yt/QzrTm_mLwmo.jpg,https://assets.cdn.filesafe.space/l6RYVrc1fJqtDLAuhwL2/media/6a908d92ef6b5f0786d7c58d.jpg
/img/yt/STqqAzW_uYI.jpg,https://assets.cdn.filesafe.space/l6RYVrc1fJqtDLAuhwL2/media/6a908d919a0fb7c66991157a.jpg
/img/yt/U4MFTb2al-U-yt.jpg,https://assets.cdn.filesafe.space/l6RYVrc1fJqtDLAuhwL2/media/6a908d939a0fb7c669911599.jpg
/img/yt/VFgEpxnI9j4.jpg,https://assets.cdn.filesafe.space/l6RYVrc1fJqtDLAuhwL2/media/6a908d9160935b340b6f1204.jpg
/img/yt/VngCw5s3eLk.jpg,https://assets.cdn.filesafe.space/l6RYVrc1fJqtDLAuhwL2/media/6a908d92e20cab6372882f1c.jpg
/img/yt/WdhU0SFPSeI.jpg,https://assets.cdn.filesafe.space/l6RYVrc1fJqtDLAuhwL2/media/6a908d8f722007d7fff63e16.jpg
/img/yt/WoBxO6Nrc6E.jpg,https://assets.cdn.filesafe.space/l6RYVrc1fJqtDLAuhwL2/media/6a908d924fe741935418e416.jpg
/img/yt/Ykg14uawacg-yt.jpg,https://assets.cdn.filesafe.space/l6RYVrc1fJqtDLAuhwL2/media/6a908d92e20cab6372882f13.jpg
/img/yt/ZfjSoEBq9m4.jpg,https://assets.cdn.filesafe.space/l6RYVrc1fJqtDLAuhwL2/media/6a908d8f4fe741935418e381.jpg
/img/yt/_UPKtPWfW18.jpg,https://assets.cdn.filesafe.space/l6RYVrc1fJqtDLAuhwL2/media/6a908d923b02a2a821c1aa22.jpg
/img/yt/aMa6Kh37UbU.jpg,https://assets.cdn.filesafe.space/l6RYVrc1fJqtDLAuhwL2/media/6a908d906572a4cf4c886f3d.jpg
/img/yt/aWBvXi6dIcQ.jpg,https://assets.cdn.filesafe.space/l6RYVrc1fJqtDLAuhwL2/media/6a908d916572a4cf4c886fad.jpg
/img/yt/aiSaSwnsifU.jpg,https://assets.cdn.filesafe.space/l6RYVrc1fJqtDLAuhwL2/media/6a908d936572a4cf4c886fe5.jpg
/img/yt/bSgBZxXB9Y0-yt.jpg,https://assets.cdn.filesafe.space/l6RYVrc1fJqtDLAuhwL2/media/6a908d8f60935b340b6f11d8.jpg
/img/yt/csmkMAfzyoQ.jpg,https://assets.cdn.filesafe.space/l6RYVrc1fJqtDLAuhwL2/media/6a908d909a0fb7c669911568.jpg
/img/yt/fZx_V94QQU0-yt.jpg,https://assets.cdn.filesafe.space/l6RYVrc1fJqtDLAuhwL2/media/6a908d916572a4cf4c886f9f.jpg
/img/yt/fpWbt8WHxsY.jpg,https://assets.cdn.filesafe.space/l6RYVrc1fJqtDLAuhwL2/media/6a908d916572a4cf4c886f72.jpg
/img/yt/j9ljkeXKmmw-yt.jpg,https://assets.cdn.filesafe.space/l6RYVrc1fJqtDLAuhwL2/media/6a908d92747464c6b39e7748.jpg
/img/yt/m8iwpolYRY4-yt.jpg,https://assets.cdn.filesafe.space/l6RYVrc1fJqtDLAuhwL2/media/6a908d930dae81536304e76e.jpg
/img/yt/mDfaPJj5Y0U.jpg,https://assets.cdn.filesafe.space/l6RYVrc1fJqtDLAuhwL2/media/6a908d90747464c6b39e7704.jpg
/img/yt/mYXspQhkLd8-yt.jpg,https://assets.cdn.filesafe.space/l6RYVrc1fJqtDLAuhwL2/media/6a908d9360935b340b6f123a.jpg
/img/yt/pGs3mERhy7A.jpg,https://assets.cdn.filesafe.space/l6RYVrc1fJqtDLAuhwL2/media/6a908d93e20cab6372882f69.jpg
/img/yt/qJihhkLRtpQ-yt.jpg,https://assets.cdn.filesafe.space/l6RYVrc1fJqtDLAuhwL2/media/6a908d8f4fe741935418e377.jpg
/img/yt/sYn2CnFWwM8.jpg,https://assets.cdn.filesafe.space/l6RYVrc1fJqtDLAuhwL2/media/6a908d924fe741935418e3ff.jpg
/img/yt/seOgh2o35zs.jpg,https://assets.cdn.filesafe.space/l6RYVrc1fJqtDLAuhwL2/media/6a908d91722007d7fff63e4a.jpg
/img/yt/sjtIFdsbxlM.jpg,https://assets.cdn.filesafe.space/l6RYVrc1fJqtDLAuhwL2/media/6a908d8f4fe741935418e350.jpg
/img/yt/v94lxUOt7QY.jpg,https://assets.cdn.filesafe.space/l6RYVrc1fJqtDLAuhwL2/media/6a908d910dae81536304e724.jpg
/img/yt/vT0jch7Yl1s.jpg,https://assets.cdn.filesafe.space/l6RYVrc1fJqtDLAuhwL2/media/6a908d91747464c6b39e771e.jpg
/img/yt/vTIibM5yl4w.jpg,https://assets.cdn.filesafe.space/l6RYVrc1fJqtDLAuhwL2/media/6a908d914fe741935418e3b9.jpg
/img/yt/xsy7GBFUAu8.jpg,https://assets.cdn.filesafe.space/l6RYVrc1fJqtDLAuhwL2/media/6a908d92722007d7fff63e58.jpg
/img/yt/zIB6qX549Vg-yt.jpg,https://assets.cdn.filesafe.space/l6RYVrc1fJqtDLAuhwL2/media/6a908d900dae81536304e6e0.jpg
/video/hero-1600.webm,https://assets.cdn.filesafe.space/l6RYVrc1fJqtDLAuhwL2/media/6a908db24fe741935418e89c.webm
/video/hero-1920.mp4,https://assets.cdn.filesafe.space/l6RYVrc1fJqtDLAuhwL2/media/6a908db26572a4cf4c887547.mp4
/video/hero-m-608.mp4,https://assets.cdn.filesafe.space/l6RYVrc1fJqtDLAuhwL2/media/6a908db29a0fb7c669911b4f.mp4
/video/hero-m-608.webm,https://assets.cdn.filesafe.space/l6RYVrc1fJqtDLAuhwL2/media/6a908db20dae81536304ecd6.webm
/video/reels/bbl-breast-lift.mp4,https://assets.cdn.filesafe.space/l6RYVrc1fJqtDLAuhwL2/media/6a908db2e20cab637288349b.mp4
/video/reels/bbl-lipo-360.mp4,https://assets.cdn.filesafe.space/l6RYVrc1fJqtDLAuhwL2/media/6a908db2e20cab63728834a5.mp4
/video/reels/breast-aug-natural.mp4,https://assets.cdn.filesafe.space/l6RYVrc1fJqtDLAuhwL2/media/6a908db39a0fb7c669911b84.mp4
/video/reels/breast-augmentation.mp4,https://assets.cdn.filesafe.space/l6RYVrc1fJqtDLAuhwL2/media/6a908db3747464c6b39e7d92.mp4
/video/reels/lipo-breast-aug.mp4,https://assets.cdn.filesafe.space/l6RYVrc1fJqtDLAuhwL2/media/6a908db30dae81536304ece8.mp4
/video/reels/skinny-bbl.mp4,https://assets.cdn.filesafe.space/l6RYVrc1fJqtDLAuhwL2/media/6a908db2e20cab63728834ae.mp4
/video/reels/tummy-tuck-bbl.mp4,https://assets.cdn.filesafe.space/l6RYVrc1fJqtDLAuhwL2/media/6a908db260935b340b6f1774.mp4
